<?xml version="1.0" encoding="UTF-8"?>
<project-private xmlns="http://www.netbeans.org/ns/project-private/1">
    <editor-bookmarks xmlns="http://www.netbeans.org/ns/editor-bookmarks/2" lastBookmarkId="0"/>
    <open-files xmlns="http://www.netbeans.org/ns/projectui-open-files/2">
        <group>
            <file>file:/C:/SchoolWork/INFO5100Lab/Lab8/SocialMedia_Skeleton/SocialMedia_Skeleton/src/analytics/AnalysisHelper.java</file>
            <file>file:/C:/SchoolWork/INFO5100Lab/Lab8/SocialMedia_Skeleton/SocialMedia_Skeleton/src/data/DataStore.java</file>
            <file>file:/C:/SchoolWork/INFO5100Lab/Lab8/SocialMedia_Skeleton/SocialMedia_Skeleton/src/analytics/UserMapComparator.java</file>
            <file>file:/C:/SchoolWork/INFO5100Lab/Lab8/SocialMedia_Skeleton/SocialMedia_Skeleton/src/model/Comment.java</file>
            <file>file:/C:/SchoolWork/INFO5100Lab/Lab8/SocialMedia_Skeleton/SocialMedia_Skeleton/src/main/SocialMedia_Main.java</file>
        </group>
    </open-files>
</project-private>
